"id","motif","start","stop","hsc","e_codon_inframe","e_codon_baseline","e_codon_rbox","e_codon_rbox_inframe","rbox_length.codon.","cds_length.codon.","rbox_inframe_avg","p.value","foldchange","intensity...","ORF_length","RPF_RPKM","padjust"
"ALB_NM_000477","LLL_CTGCTGCTG",1204,1213,1244,428,187,3,10,13,590,5.46153846153846,0.523586989657095,0.557,-6.16427368252186,1830,52654.9100461588,0.654483737071369
"APOB_NM_000384","LLLLLL_CTGCTGCTGCTGCTGCTG",148,166,377,683,113,5,10,76,4544,0.223684210526316,0.066239946344195,3.524,25.6974274250649,13692,1837.58255976436,0.165599865860488
"CLU_NM_001831","LLL_CTGCTGCTG",130,139,260,132,19,4,14,43,430,0.790697674418605,0.00118371175798517,2.061,8.57142857142857,1350,5702.26695604909,0.00591855878992584
"VTN_NM_000638","EEE_GAGGAGGAG",553,562,665,146,38,6,17,37,459,1.2972972972973,0.154074290964332,1.937,30.8468468468468,1437,7058.84143915829,0.256790484940553
"VTN_NM_000638","FFF_TTCTTCTTC",1408,1417,1616,146,38,3,10,69,459,0.260869565217391,0.837489675381388,1.093,-10.1449275362319,1437,7058.84143915829,0.837489675381388
