id,motif,start,stop,hsc,e_codon_inframe,e_codon_baseline,e_codon_rbox,e_codon_rbox_inframe,rbox_length.codon.,cds_length.codon.,rbox_inframe_avg,p.value,foldchange,intensity...,ORF_length,RPF_RPKM,padjust,fs_sort
CLU_NM_001831,LLL_CTGCTGCTG,130,139,260,132,19,4,14,43,430,0.7906976744186046,0.0011837117579851682,2.061,8.571428571428573,1350,5702.266956049091,0.005918558789925841,1
id,motif,start,stop,hsc,e_codon_inframe,e_codon_baseline,e_codon_rbox,e_codon_rbox_inframe,rbox_length.codon.,cds_length.codon.,rbox_inframe_avg,p.value,foldchange,intensity...,ORF_length,RPF_RPKM,padjust,fs_sort
C1QB_NM_000491,MMM_ATGATGATG,100,109,318,5,3,3,2,72,234,0.027777777777777776,2.365598595105903e-32,3.042,112.49999999999997,762,311.987696702783,1.1827992975529514e-31,2
CLU_NM_001831,"LLL_CTGCTGCTG,LLL_CTGCTGCTG",112,139,189,132,23,4,9,25,430,0.8,2.704191410323367e-7,2.259,12.634920634920634,1350,5702.266956049091,6.760478525808417e-7,2
TTR_NM_000371,LLL_CTCCTCCTC,118,127,156,20,9,3,1,12,128,0.3333333333333333,1.2041027065725374e-6,2.844,62.85714285714286,444,4024.1298322254042,2.0068378442875627e-6,2
